timestamp,accuracy,samples
2025-10-15 17:25:43,95.8,4999
2025-10-15 20:43:40,95.8,4999
2025-10-20 17:34:09,95.8,4999
2025-10-20 19:11:21,97.15,44173
2025-10-20 19:19:52,97.15,44173
2025-10-20 19:23:55,97.15,44173
2025-10-21 00:45:34,97.15,44173
2025-10-21 00:48:03,97.15,44173
2025-10-21 01:35:15,97.15,44173
2025-10-21 16:33:30,97.15,44173
2025-10-21 18:03:37,97.0,44173
2025-10-21 19:53:03,97.0,44173
2025-10-26 00:59:13,95.66,49330
2025-10-28 16:58:46,95.68,49420
2025-10-28 16:59:28,95.68,49420
2025-10-28 17:00:49,95.63,49424
2025-10-28 17:10:44,95.32,54418
2025-10-28 17:14:07,95.32,54418
2025-10-28 17:25:29,95.42,54422
2025-10-28 17:27:15,95.42,54422
2025-10-28 17:31:03,95.42,54422
2025-10-28 17:32:49,95.32,54437
2025-10-29 11:49:57,95.46,54461
2025-11-10 12:01:50,95.51,54467
2025-11-10 12:05:10,95.42,54527
2025-11-12 19:57:45,95.42,54527
2025-11-12 19:58:28,95.33,54537
2025-11-13 05:55:19,95.31,54555
2025-11-13 09:14:25,95.25,54566
2025-11-13 10:25:43,95.25,54566
2025-11-13 11:04:20,95.17,54604
2025-11-17 22:25:31,95.17,54617
